,Links
0,https://spaceishare.com/listing/parking-space/ontario/north-york/88-sheppard-avenue-east-parking-396
1,https://spaceishare.com/listing/parking-space/ontario/toronto/monthly-parking-available-near-sheppard-and-yonge-23493
2,https://spaceishare.com/listing/parking-space/ontario/toronto/secure-underground-parking-13030
3,https://spaceishare.com/listing/parking-space/ontario/north-york/parking-spot-160-sheppard-st-94
4,https://spaceishare.com/listing/parking-space/ontario/toronto/yongesheppard-parking-spot-private-driveway-minutes-to-yongesheppard-20754
5,https://spaceishare.com/listing/parking-space/ontario/toronto/parking-spot-for-rent-sheppard-centr-13329
6,https://spaceishare.com/listing/id/24617
7,https://spaceishare.com/listing/parking-space/ontario/toronto/indoor-parking-at-yonge-sheppard-5255-yonge-st-22693
8,https://spaceishare.com/listing/parking-space/ontario/toronto/indoor-parking-at-yonge-sheppard-5255-yonge-st-20026
9,https://spaceishare.com/listing/storage-space/ontario/toronto/large-storage-in-midtown-toronto-24119
10,https://spaceishare.com/listing/storage-space/ontario/toronto/canoe-or-kayak-hanging-space-20134
11,https://spaceishare.com/listing/parking-space/ontario/toronto/yonge-finch-underground-parking-23349
12,https://spaceishare.com/listing/parking-space/ontario/toronto/parking-space-underground-yonge-and-finch-23273
13,https://spaceishare.com/listing/parking-space/ontario/toronto/yonge-finch-condo-parking-for-rent-3633
14,https://spaceishare.com/listing/storage-space/ontario/toronto/storage-in-the-basement-of-the-house-21194
15,https://spaceishare.com/listing/storage-space/ontario/toronto/storage-in-the-basement-of-the-house-21193
16,https://spaceishare.com/listing/parking-space/ontario/toronto/parking-at-finch-and-younge-area-21190
17,https://spaceishare.com/listing/parking-space/ontario/toronto/yonge-and-finch-parking-spot-21187
18,https://spaceishare.com/listing/parking-space/ontario/toronto/younge-and-finch-area-parking-21186
19,https://spaceishare.com/listing/storage-space/ontario/toronto/storage-in-the-basement-of-the-house-21185
20,https://spaceishare.com/listing/parking-space/ontario/toronto/parking-at-finch-and-younge-area-21184
21,https://spaceishare.com/listing/parking-space/ontario/toronto/parking-available-finch-and-yonge-12345
22,https://spaceishare.com/listing/parking-space/ontario/toronto/parking-available-finch-and-yonge-12340
23,https://spaceishare.com/listing/parking-space/ontario/toronto/yonge-and-finch-condo-parking-for-rent-21800
24,https://spaceishare.com/listing/parking-space/ontario/toronto/underground-parking-spot-for-rent-24645
25,https://spaceishare.com/listing/storage-space/ontario/toronto/prrivate-large-storage-space-available-bayview-and-sheppard-23097
26,https://spaceishare.com/listing/storage-space/ontario/toronto/large-storage-space-near-bayview-village-22906
27,https://spaceishare.com/listing/storage-space/ontario/north-york/storage-space-parking-at-yonge-finch-2647
28,https://spaceishare.com/listing/parking-space/ontario/north-york/parking-available-at-bayview-and-401-23438
29,https://spaceishare.com/listing/parking-space/ontario/north-york/parking-available-at-bayview-and-401-21112
30,https://spaceishare.com/listing/parking-space/ontario/north-york/parking-available-at-bayview-and-401-519
31,https://spaceishare.com/listing/storage-space/ontario/north-york/large-locker-available-for-rent-269
32,https://spaceishare.com/listing/parking-space/ontario/toronto/outdoor-parking-in-large-driveway-close-to-sheppard-ave-w-24621
33,https://spaceishare.com/listing/parking-space/ontario/toronto/parking-spot-in-large-driveway-near-sheppard-ave-w-perfect-for-nearby-condos-24620
34,https://spaceishare.com/listing/parking-space/ontario/toronto/outdoor-driveway-space-for-condo-buildings-on-sheppard-24619
35,https://spaceishare.com/listing/storage-space/ontario/toronto/storage-space-outdoor-8932
36,https://spaceishare.com/listing/storage-space/ontario/north-york/double-car-garage-storage-at-sheppard-and-bathurst-2157
37,https://spaceishare.com/listing/parking-space/ontario/toronto/parking-spot-available-near-sheppard-leslie-subway-station-99
38,https://spaceishare.com/listing/parking-space/ontario/markham/parking-spot-world-on-yonge-20251
39,https://spaceishare.com/listing/parking-space/ontario/toronto/outdoor-parking-at-yonge-glengrove-2851-yonge-st-17233
40,https://spaceishare.com/listing/parking-space/ontario/toronto/outdoor-parking-at-york-mills-don-mills-20130
41,https://spaceishare.com/listing/parking-space/ontario/toronto/steelesdufferin-parking-on-private-driveway-for-small-sedansuv-437-232-2761-13165
42,https://spaceishare.com/listing/parking-space/ontario/toronto/steelesdufferin-private-parking-in-garage-for-small-carsedan-13079
43,https://spaceishare.com/listing/storage-space/ontario/north-york/steelesdufferin-100sq-ft-shed-storage-good-for-toolssmall-furniture-2770
44,https://spaceishare.com/listing/storage-space/ontario/toronto/steelesdufferin-toronto-shed-8x8-sq-ft-good-for-tools-storage-24609
45,https://spaceishare.com/listing/parking-space/ontario/toronto/steelesdufferin-toronto-m2r3t9-single-safe-garage-parking-spot-for-sedan-2004372329832-24545
46,https://spaceishare.com/listing/parking-space/ontario/toronto/steelesdufferin-toronto-single-door-garage-parking-437-232-9832-24403
47,https://spaceishare.com/listing/parking-space/ontario/toronto/a-parking-space-available-5-min-to-subway-90
48,https://spaceishare.com/listing/storage-space/ontario/toronto/large-storage-space-in-steeles-dufferin-1081-alness-st-22870
49,https://spaceishare.com/listing/parking-space/ontario/toronto/indoor-parking-at-yonge-broadway-2401-yonge-st-23890
50,https://spaceishare.com/listing/parking-space/ontario/north-york/88-sheppard-avenue-east-parking-396
51,https://spaceishare.com/listing/parking-space/ontario/toronto/monthly-parking-available-near-sheppard-and-yonge-23493
52,https://spaceishare.com/listing/parking-space/ontario/toronto/secure-underground-parking-13030
53,https://spaceishare.com/listing/parking-space/ontario/north-york/parking-spot-160-sheppard-st-94
54,https://spaceishare.com/listing/parking-space/ontario/toronto/yongesheppard-parking-spot-private-driveway-minutes-to-yongesheppard-20754
55,https://spaceishare.com/listing/parking-space/ontario/toronto/parking-spot-for-rent-sheppard-centr-13329
56,https://spaceishare.com/listing/id/24617
57,https://spaceishare.com/listing/parking-space/ontario/toronto/indoor-parking-at-yonge-sheppard-5255-yonge-st-22693
58,https://spaceishare.com/listing/parking-space/ontario/toronto/indoor-parking-at-yonge-sheppard-5255-yonge-st-20026
59,https://spaceishare.com/listing/storage-space/ontario/toronto/large-storage-in-midtown-toronto-24119
60,https://spaceishare.com/listing/storage-space/ontario/toronto/canoe-or-kayak-hanging-space-20134
61,https://spaceishare.com/listing/parking-space/ontario/toronto/yonge-finch-underground-parking-23349
62,https://spaceishare.com/listing/parking-space/ontario/toronto/parking-space-underground-yonge-and-finch-23273
63,https://spaceishare.com/listing/parking-space/ontario/toronto/yonge-finch-condo-parking-for-rent-3633
64,https://spaceishare.com/listing/storage-space/ontario/toronto/storage-in-the-basement-of-the-house-21194
65,https://spaceishare.com/listing/storage-space/ontario/toronto/storage-in-the-basement-of-the-house-21193
66,https://spaceishare.com/listing/parking-space/ontario/toronto/parking-at-finch-and-younge-area-21190
67,https://spaceishare.com/listing/parking-space/ontario/toronto/yonge-and-finch-parking-spot-21187
68,https://spaceishare.com/listing/parking-space/ontario/toronto/younge-and-finch-area-parking-21186
69,https://spaceishare.com/listing/storage-space/ontario/toronto/storage-in-the-basement-of-the-house-21185
70,https://spaceishare.com/listing/parking-space/ontario/toronto/parking-at-finch-and-younge-area-21184
71,https://spaceishare.com/listing/parking-space/ontario/toronto/parking-available-finch-and-yonge-12345
72,https://spaceishare.com/listing/parking-space/ontario/toronto/parking-available-finch-and-yonge-12340
73,https://spaceishare.com/listing/parking-space/ontario/toronto/yonge-and-finch-condo-parking-for-rent-21800
74,https://spaceishare.com/listing/parking-space/ontario/toronto/underground-parking-spot-for-rent-24645
75,https://spaceishare.com/listing/storage-space/ontario/toronto/prrivate-large-storage-space-available-bayview-and-sheppard-23097
76,https://spaceishare.com/listing/storage-space/ontario/toronto/large-storage-space-near-bayview-village-22906
77,https://spaceishare.com/listing/storage-space/ontario/north-york/storage-space-parking-at-yonge-finch-2647
78,https://spaceishare.com/listing/parking-space/ontario/north-york/parking-available-at-bayview-and-401-23438
79,https://spaceishare.com/listing/parking-space/ontario/north-york/parking-available-at-bayview-and-401-21112
80,https://spaceishare.com/listing/parking-space/ontario/north-york/parking-available-at-bayview-and-401-519
81,https://spaceishare.com/listing/storage-space/ontario/north-york/large-locker-available-for-rent-269
82,https://spaceishare.com/listing/parking-space/ontario/toronto/outdoor-parking-in-large-driveway-close-to-sheppard-ave-w-24621
83,https://spaceishare.com/listing/parking-space/ontario/toronto/parking-spot-in-large-driveway-near-sheppard-ave-w-perfect-for-nearby-condos-24620
84,https://spaceishare.com/listing/parking-space/ontario/toronto/outdoor-driveway-space-for-condo-buildings-on-sheppard-24619
85,https://spaceishare.com/listing/storage-space/ontario/toronto/storage-space-outdoor-8932
86,https://spaceishare.com/listing/storage-space/ontario/north-york/double-car-garage-storage-at-sheppard-and-bathurst-2157
87,https://spaceishare.com/listing/parking-space/ontario/toronto/parking-spot-available-near-sheppard-leslie-subway-station-99
88,https://spaceishare.com/listing/parking-space/ontario/markham/parking-spot-world-on-yonge-20251
89,https://spaceishare.com/listing/parking-space/ontario/toronto/outdoor-parking-at-yonge-glengrove-2851-yonge-st-17233
90,https://spaceishare.com/listing/parking-space/ontario/toronto/outdoor-parking-at-york-mills-don-mills-20130
91,https://spaceishare.com/listing/parking-space/ontario/toronto/steelesdufferin-parking-on-private-driveway-for-small-sedansuv-437-232-2761-13165
92,https://spaceishare.com/listing/parking-space/ontario/toronto/steelesdufferin-private-parking-in-garage-for-small-carsedan-13079
93,https://spaceishare.com/listing/storage-space/ontario/north-york/steelesdufferin-100sq-ft-shed-storage-good-for-toolssmall-furniture-2770
94,https://spaceishare.com/listing/storage-space/ontario/toronto/steelesdufferin-toronto-shed-8x8-sq-ft-good-for-tools-storage-24609
95,https://spaceishare.com/listing/parking-space/ontario/toronto/steelesdufferin-toronto-m2r3t9-single-safe-garage-parking-spot-for-sedan-2004372329832-24545
96,https://spaceishare.com/listing/parking-space/ontario/toronto/steelesdufferin-toronto-single-door-garage-parking-437-232-9832-24403
97,https://spaceishare.com/listing/parking-space/ontario/toronto/a-parking-space-available-5-min-to-subway-90
98,https://spaceishare.com/listing/storage-space/ontario/toronto/large-storage-space-in-steeles-dufferin-1081-alness-st-22870
99,https://spaceishare.com/listing/parking-space/ontario/toronto/indoor-parking-at-yonge-broadway-2401-yonge-st-23890
100,https://spaceishare.com/listing/parking-space/ontario/north-york/88-sheppard-avenue-east-parking-396
101,https://spaceishare.com/listing/parking-space/ontario/toronto/monthly-parking-available-near-sheppard-and-yonge-23493
102,https://spaceishare.com/listing/parking-space/ontario/toronto/secure-underground-parking-13030
103,https://spaceishare.com/listing/parking-space/ontario/north-york/parking-spot-160-sheppard-st-94
104,https://spaceishare.com/listing/parking-space/ontario/toronto/yongesheppard-parking-spot-private-driveway-minutes-to-yongesheppard-20754
105,https://spaceishare.com/listing/parking-space/ontario/toronto/parking-spot-for-rent-sheppard-centr-13329
106,https://spaceishare.com/listing/id/24617
107,https://spaceishare.com/listing/parking-space/ontario/toronto/indoor-parking-at-yonge-sheppard-5255-yonge-st-22693
108,https://spaceishare.com/listing/parking-space/ontario/toronto/indoor-parking-at-yonge-sheppard-5255-yonge-st-20026
109,https://spaceishare.com/listing/storage-space/ontario/toronto/large-storage-in-midtown-toronto-24119
110,https://spaceishare.com/listing/storage-space/ontario/toronto/canoe-or-kayak-hanging-space-20134
111,https://spaceishare.com/listing/parking-space/ontario/toronto/yonge-finch-underground-parking-23349
112,https://spaceishare.com/listing/parking-space/ontario/toronto/parking-space-underground-yonge-and-finch-23273
113,https://spaceishare.com/listing/parking-space/ontario/toronto/yonge-finch-condo-parking-for-rent-3633
114,https://spaceishare.com/listing/storage-space/ontario/toronto/storage-in-the-basement-of-the-house-21194
115,https://spaceishare.com/listing/storage-space/ontario/toronto/storage-in-the-basement-of-the-house-21193
116,https://spaceishare.com/listing/parking-space/ontario/toronto/parking-at-finch-and-younge-area-21190
117,https://spaceishare.com/listing/parking-space/ontario/toronto/yonge-and-finch-parking-spot-21187
118,https://spaceishare.com/listing/parking-space/ontario/toronto/younge-and-finch-area-parking-21186
119,https://spaceishare.com/listing/storage-space/ontario/toronto/storage-in-the-basement-of-the-house-21185
120,https://spaceishare.com/listing/parking-space/ontario/toronto/parking-at-finch-and-younge-area-21184
121,https://spaceishare.com/listing/parking-space/ontario/toronto/parking-available-finch-and-yonge-12345
122,https://spaceishare.com/listing/parking-space/ontario/toronto/parking-available-finch-and-yonge-12340
123,https://spaceishare.com/listing/parking-space/ontario/toronto/yonge-and-finch-condo-parking-for-rent-21800
124,https://spaceishare.com/listing/parking-space/ontario/toronto/underground-parking-spot-for-rent-24645
125,https://spaceishare.com/listing/storage-space/ontario/toronto/prrivate-large-storage-space-available-bayview-and-sheppard-23097
126,https://spaceishare.com/listing/storage-space/ontario/toronto/large-storage-space-near-bayview-village-22906
127,https://spaceishare.com/listing/storage-space/ontario/north-york/storage-space-parking-at-yonge-finch-2647
128,https://spaceishare.com/listing/parking-space/ontario/north-york/parking-available-at-bayview-and-401-23438
129,https://spaceishare.com/listing/parking-space/ontario/north-york/parking-available-at-bayview-and-401-21112
130,https://spaceishare.com/listing/parking-space/ontario/north-york/parking-available-at-bayview-and-401-519
131,https://spaceishare.com/listing/storage-space/ontario/north-york/large-locker-available-for-rent-269
132,https://spaceishare.com/listing/parking-space/ontario/toronto/outdoor-parking-in-large-driveway-close-to-sheppard-ave-w-24621
133,https://spaceishare.com/listing/parking-space/ontario/toronto/parking-spot-in-large-driveway-near-sheppard-ave-w-perfect-for-nearby-condos-24620
134,https://spaceishare.com/listing/parking-space/ontario/toronto/outdoor-driveway-space-for-condo-buildings-on-sheppard-24619
135,https://spaceishare.com/listing/storage-space/ontario/toronto/storage-space-outdoor-8932
136,https://spaceishare.com/listing/storage-space/ontario/north-york/double-car-garage-storage-at-sheppard-and-bathurst-2157
137,https://spaceishare.com/listing/parking-space/ontario/toronto/parking-spot-available-near-sheppard-leslie-subway-station-99
138,https://spaceishare.com/listing/parking-space/ontario/markham/parking-spot-world-on-yonge-20251
139,https://spaceishare.com/listing/parking-space/ontario/toronto/outdoor-parking-at-yonge-glengrove-2851-yonge-st-17233
140,https://spaceishare.com/listing/parking-space/ontario/toronto/outdoor-parking-at-york-mills-don-mills-20130
141,https://spaceishare.com/listing/parking-space/ontario/toronto/steelesdufferin-parking-on-private-driveway-for-small-sedansuv-437-232-2761-13165
142,https://spaceishare.com/listing/parking-space/ontario/toronto/steelesdufferin-private-parking-in-garage-for-small-carsedan-13079
143,https://spaceishare.com/listing/storage-space/ontario/north-york/steelesdufferin-100sq-ft-shed-storage-good-for-toolssmall-furniture-2770
144,https://spaceishare.com/listing/storage-space/ontario/toronto/steelesdufferin-toronto-shed-8x8-sq-ft-good-for-tools-storage-24609
145,https://spaceishare.com/listing/parking-space/ontario/toronto/steelesdufferin-toronto-m2r3t9-single-safe-garage-parking-spot-for-sedan-2004372329832-24545
146,https://spaceishare.com/listing/parking-space/ontario/toronto/steelesdufferin-toronto-single-door-garage-parking-437-232-9832-24403
147,https://spaceishare.com/listing/parking-space/ontario/toronto/a-parking-space-available-5-min-to-subway-90
148,https://spaceishare.com/listing/storage-space/ontario/toronto/large-storage-space-in-steeles-dufferin-1081-alness-st-22870
149,https://spaceishare.com/listing/parking-space/ontario/toronto/indoor-parking-at-yonge-broadway-2401-yonge-st-23890
150,https://spaceishare.com/listing/parking-space/ontario/toronto/indoor-parking-at-yonge-broadway-2401-yonge-st-23054
151,https://spaceishare.com/listing/parking-space/ontario/toronto/indoor-parking-at-yonge-broadway-2401-yonge-st-22234
152,https://spaceishare.com/listing/parking-space/ontario/toronto/driveway-parking-spot-for-rent-next-to-glencairn-subway-station-17543
153,https://spaceishare.com/listing/parking-space/ontario/toronto/outdoor-parking-at-yonge-mt-pleasant-24374
154,https://spaceishare.com/listing/parking-space/ontario/toronto/outdoor-parking-at-yonge-mt-pleasant-24373
155,https://spaceishare.com/listing/parking-space/ontario/toronto/outdoor-parking-at-yonge-mt-pleasant-24372
156,https://spaceishare.com/listing/other-space/ontario/toronto/office-space-for-short-term-lease-in-lawrence-and-dufferin-4495
157,https://spaceishare.com/listing/id/24517
158,https://spaceishare.com/listing/parking-space/ontario/toronto/underground-parking-at-canada-square-2200-yonge-st-24383
159,https://spaceishare.com/listing/parking-space/ontario/toronto/underground-parking-at-canada-square-2200-yonge-st-22293
160,https://spaceishare.com/listing/parking-space/ontario/vaughan/steelesdufferin-single-door-garage-parking-2012-437-232-9832-3121
161,https://spaceishare.com/listing/parking-space/ontario/vaughan/steelesdufferin-garage-parking-for-1-private-car437-232-9832-2768
162,https://spaceishare.com/listing/parking-space/ontario/toronto/parking-space-in-mid-toronto-2-minute-walk-to-subway-22378
163,https://spaceishare.com/listing/storage-space/ontario/toronto/large-storage-space-available-at-yonge-and-davisville-3299
164,https://spaceishare.com/listing/parking-space/ontario/toronto/indoor-parking-for-rent-at-yonge-davisville-141-davisville-ave-22466
165,https://spaceishare.com/listing/parking-space/ontario/toronto/indoor-parking-for-rent-at-yonge-davisville-141-davisville-ave-22457
166,https://spaceishare.com/listing/parking-space/ontario/toronto/underground-parking-balliol-merton-and-yonge-352
167,https://spaceishare.com/listing/other-space/ontario/toronto/office-work-space-in-midtown-toronto-house-22087
168,https://spaceishare.com/listing/storage-space/ontario/toronto/fully-furnished-basement-in-midtown-toronto-22085
169,https://spaceishare.com/listing/other-space/ontario/toronto/private-office-at-the-heart-of-midtown-23703
170,https://spaceishare.com/listing/other-space/ontario/toronto/office-spaces-for-rent-in-don-mills-3178
171,https://spaceishare.com/listing/storage-space/ontario/toronto/large-storage-space-in-don-mills-3177
172,https://spaceishare.com/listing/storage-space/ontario/toronto/storage-space-in-don-mills-3175
173,https://spaceishare.com/listing/parking-space/ontario/north-york/underground-parking-spot-available-2522-keele-street-visto-30
174,https://spaceishare.com/listing/parking-space/ontario/toronto/eglinton-and-oakwood-ave-16636
175,https://spaceishare.com/listing/parking-space/ontario/toronto/outdoor-parking-at-christie-and-st-clair-7946
176,https://spaceishare.com/listing/storage-space/ontario/toronto/climate-controlled-unit-first-month-rent-free-11085
177,https://spaceishare.com/listing/storage-space/ontario/toronto/unheated-drive-up-first-month-rent-free-11083
178,https://spaceishare.com/listing/storage-space/ontario/toronto/large-vehicle-storage-in-scarborough-20438
179,https://spaceishare.com/listing/parking-space/ontario/toronto/parking-near-casa-loma-21642
180,https://spaceishare.com/listing/other-space/ontario/toronto/the-church-of-st-peter-st-simon-the-apostle-sitting-room-260
181,https://spaceishare.com/listing/other-space/ontario/toronto/warehousework-space-available-in-scarborough-6071
182,https://spaceishare.com/listing/parking-space/ontario/old-toronto/parking-space-available-at-huron-st-2353
183,https://spaceishare.com/listing/storage-space/ontario/scarborough/400sqft-space-with-private-office-and-storage-space-2263
184,https://spaceishare.com/listing/other-space/ontario/vaughan/ladies-only-private-luxury-queen-ensuite-13252
185,https://spaceishare.com/listing/parking-space/ontario/toronto/outdoor-parking-at-the-annex-100-madison-ave-24468
186,https://spaceishare.com/listing/parking-space/ontario/toronto/parking-spot-dupont-st-and-christie-st-west-annex-80
187,https://spaceishare.com/listing/parking-space/ontario/toronto/parking-spaces-for-rent-at-victoria-park-9102
188,https://spaceishare.com/listing/parking-space/ontario/toronto/indoor-parking-spot-18-yorkville-downtown-toronto-76
189,https://spaceishare.com/listing/other-space/ontario/toronto/storage-space-price-negotiable-depending-on-your-items-to-be-stored-22070
190,https://spaceishare.com/listing/parking-space/ontario/toronto/parking-available-at-mortimercoxwell-near-michael-garron-hospital-21549
191,https://spaceishare.com/listing/parking-space/ontario/toronto/parking-available-near-michael-garron-hospital-tegh-171
192,https://spaceishare.com/listing/parking-space/ontario/toronto/underground-parking-at-hudsons-bay-centre-bloor-garage-24340
193,https://spaceishare.com/listing/parking-space/ontario/toronto/yorkville-valet-parking-22568
194,https://spaceishare.com/listing/parking-space/ontario/toronto/parking-at-hudsons-bay-centre-asquith-garage-24343
195,https://spaceishare.com/listing/parking-space/ontario/toronto/indoor-parking-at-bloor-huntley-20133
196,https://spaceishare.com/listing/storage-space/ontario/toronto/basement-storage-space-at-donlands-and-danforth-159
197,https://spaceishare.com/listing/parking-space/ontario/toronto/outdoor-parking-space-bloor-street-23090
198,https://spaceishare.com/listing/other-space/ontario/toronto/warehouse-at-400-401-500-18000-square-feet-available-10330
199,https://spaceishare.com/listing/other-space/ontario/toronto/the-church-of-st-peter-st-simon-the-apostle-class-room-262
200,https://spaceishare.com/listing/other-space/ontario/toronto/the-church-of-st-peter-st-simon-the-apostle-nave-261
201,https://spaceishare.com/listing/other-space/ontario/toronto/the-church-of-st-peter-st-simon-the-apostle-banquet-hall-259
202,https://spaceishare.com/listing/other-space/ontario/toronto/the-church-of-st-peter-st-simon-the-apostle-garden-room-258
203,https://spaceishare.com/listing/parking-space/ontario/toronto/indoor-parking-at-bloor-queens-park-24615
204,https://spaceishare.com/listing/parking-space/ontario/toronto/indoor-parking-lot-with-security-yorkville-yonge-and-bloor-24542
205,https://spaceishare.com/listing/parking-space/ontario/toronto/storage-downtown-toronto-short-or-long-term-67
206,https://spaceishare.com/listing/parking-space/ontario/toronto/parking-space-at-the-heart-of-yonge-and-bloor-24608
207,https://spaceishare.com/listing/parking-space/ontario/toronto/underground-parking-close-to-yorkville-yonge-and-bloor-area-charles-st-e-22149
208,https://spaceishare.com/listing/parking-space/ontario/toronto/bay-and-bloor-parking-space-available-178
209,https://spaceishare.com/listing/id/24540
210,https://spaceishare.com/listing/parking-space/ontario/toronto/indoor-parking-space-at-church-isabella-88-isabella-st-22702
211,https://spaceishare.com/listing/parking-space/ontario/toronto/outdoor-parking-spot-24418
212,https://spaceishare.com/listing/parking-space/ontario/toronto/laneway-parking-spot-logan-danforth-324
213,https://spaceishare.com/listing/parking-space/ontario/toronto/p1-parking-spot-underground-condo-near-bay-bloor-yonge-yorkville-university-of-toronto-1080-bay-st-17377
214,https://spaceishare.com/listing/parking-space/ontario/toronto/annex-driveway-23798
215,https://spaceishare.com/listing/parking-space/ontario/toronto/annex-driveway-23793
216,https://spaceishare.com/listing/parking-space/ontario/toronto/annex-garage-available-23792
217,https://spaceishare.com/listing/parking-space/ontario/richmond-hill/outdoor-parking-at-hillcrest-mall-richmond-hill-21666
218,https://spaceishare.com/listing/storage-space/ontario/scarborough/storage-at-midland-sheppard-271
219,https://spaceishare.com/listing/parking-space/ontario/toronto/parking-for-rent-at-5-st-joseph-292
220,https://spaceishare.com/listing/storage-space/ontario/toronto/11-l-x-35-w-x-6-h-condo-storage-locker-available-23399
221,https://spaceishare.com/listing/parking-space/ontario/toronto/outdoor-parking-near-utsc-4401
222,https://spaceishare.com/listing/parking-space/ontario/toronto/parking-near-christie-pits-ttc-bloor-subway-172
223,https://spaceishare.com/listing/other-space/ontario/toronto/simple-room-at-the-wellesley-a-boutique-hotel-in-the-heart-of-toronto-16182
224,https://spaceishare.com/listing/other-space/ontario/toronto/serene-room-courtyard-at-the-wellesley-a-boutique-hotel-in-the-heart-of-toronto-16178
225,https://spaceishare.com/listing/id/24544
226,https://spaceishare.com/listing/parking-space/ontario/toronto/outdoor-parking-at-church-wellesley-512-church-st-17218
227,https://spaceishare.com/listing/parking-space/ontario/old-toronto/driveway-parking-spot-near-bloor-ossington-2510
228,https://spaceishare.com/listing/parking-space/ontario/toronto/indoor-parking-at-jarvis-carlton-445-jarvis-st-22134
229,https://spaceishare.com/listing/parking-space/ontario/toronto/indoor-parking-space-for-rent-at-jarvis-carlton-17196
230,https://spaceishare.com/listing/parking-space/ontario/old-toronto/outdoor-parking-near-harbord-bathurst-2993
231,https://spaceishare.com/listing/storage-space/ontario/toronto/warden-self-storage-416-757-7353-10195
232,https://spaceishare.com/listing/parking-space/ontario/toronto/covered-parking-spot-college-and-yonge-24447
233,https://spaceishare.com/listing/storage-space/ontario/toronto/storage-unit-for-lease-clean-indoor-danforth-and-coxwell-11283
234,https://spaceishare.com/listing/storage-space/ontario/toronto/storage-unit-danforth-near-coxwell-3775
235,https://spaceishare.com/listing/parking-space/ontario/toronto/indoor-parking-at-carlton-jarvis-111-carlton-st-23619
236,https://spaceishare.com/listing/parking-space/ontario/toronto/indoor-parking-at-carlton-jarvis-111-carlton-st-23115
237,https://spaceishare.com/listing/parking-space/ontario/toronto/indoor-parking-at-carlton-jarvis-21175
238,https://spaceishare.com/listing/parking-space/ontario/toronto/indoor-parking-at-carlton-jarvis-20978
239,https://spaceishare.com/listing/parking-space/ontario/toronto/indoor-parking-at-carlton-jarvis-20977
240,https://spaceishare.com/listing/parking-space/ontario/toronto/indoor-parking-at-carlton-jarvis-20955
241,https://spaceishare.com/listing/parking-space/ontario/toronto/indoor-parking-at-carlton-jarvis-20945
242,https://spaceishare.com/listing/parking-space/ontario/toronto/indoor-parking-at-carlton-jarvis-111-carlton-st-20790
243,https://spaceishare.com/listing/parking-space/ontario/toronto/dufferin-bloor-detached-garage-parking-for-1-car-110
244,https://spaceishare.com/listing/parking-space/ontario/toronto/outdoor-parking-at-danforth-woodbine-985-woodbine-ave-23810
245,https://spaceishare.com/listing/parking-space/ontario/toronto/outdoor-parking-at-danforth-woodbine-985-woodbine-ave-22894
246,https://spaceishare.com/listing/parking-space/ontario/toronto/outdoor-parking-at-danforth-woodbine-985-woodbine-ave-22135
247,https://spaceishare.com/listing/parking-space/ontario/toronto/outdoor-parking-at-danforth-woodbine-21884
248,https://spaceishare.com/listing/parking-space/ontario/toronto/parking-near-bloor-and-dufferin-142
249,https://spaceishare.com/listing/parking-space/ontario/toronto/parking-close-to-ryerson-and-allan-gardens-downtown-toronto-24367
250,https://spaceishare.com/listing/parking-space/ontario/toronto/200-palmerston-little-italy-outdoor-parking-21930
251,https://spaceishare.com/listing/parking-space/ontario/toronto/list-free-to-earn-income-24547
252,https://spaceishare.com/listing/storage-space/ontario/toronto/storage-space-inexpensive-in-leslieville-88
253,https://spaceishare.com/listing/parking-space/ontario/toronto/parking-spot-in-the-junction-dundas-street-west-516
254,https://spaceishare.com/listing/other-space/ontario/toronto/private-1br-at-the-elm-by-sonder-16355
255,https://spaceishare.com/listing/parking-space/ontario/toronto/indoor-parking-at-church-dundas-24415
256,https://spaceishare.com/listing/parking-space/ontario/toronto/indoor-parking-at-church-dundas-22477
257,https://spaceishare.com/listing/parking-space/ontario/toronto/indoor-parking-at-church-dundas-20129
258,https://spaceishare.com/listing/parking-space/ontario/toronto/outdoor-parking-at-dundas-bathurst-24600
259,https://spaceishare.com/listing/parking-space/ontario/toronto/steeles-dufferin-single-garage-parking-spot-for-sedansuv-24389
260,https://spaceishare.com/listing/storage-space/ontario/toronto/outdoor-car-storage-21020
261,https://spaceishare.com/listing/parking-space/ontario/toronto/steelesdufferin-outdoor-parking-6477796347-12944
262,https://spaceishare.com/listing/storage-space/ontario/toronto/outdoor-car-storage-6014
263,https://spaceishare.com/listing/parking-space/ontario/toronto/outdoor-parking-at-queen-church-metro-united-church-20120
264,https://spaceishare.com/listing/parking-space/ontario/toronto/outdoor-parking-in-brockton-neighborhood-22992
265,https://spaceishare.com/listing/other-space/ontario/toronto/outdoor-parking-in-brockton-neighborhood-13042
266,https://spaceishare.com/listing/parking-space/ontario/toronto/outdoor-parking-in-brockton-neighborhood-13039
267,https://spaceishare.com/listing/parking-space/ontario/toronto/outdoor-parking-at-scarborough-town-centre-21667
268,https://spaceishare.com/listing/other-space/ontario/old-toronto/affordable-studio-in-toronto-2428
269,https://spaceishare.com/listing/parking-space/ontario/toronto/underground-parking-at-richmond-adelaide-centre-120-adelaide-st-w-22058
270,https://spaceishare.com/listing/parking-space/ontario/toronto/ey-tower-indoor-parking-100-adelaide-st-w-22028
271,https://spaceishare.com/listing/parking-space/ontario/toronto/parking-spot-125-peter-8026
272,https://spaceishare.com/listing/storage-space/ontario/toronto/storage-locker-available-at-peter-and-richmond-141
273,https://spaceishare.com/listing/storage-space/ontario/toronto/storage-space-100-500-square-feet-in-roncesvalles-toronto-10104
274,https://spaceishare.com/listing/parking-space/ontario/toronto/safe-indoor-parking-spot-queen-west-bellwoods-23340
275,https://spaceishare.com/listing/storage-space/ontario/toronto/storage-units-green-storage-toronto-21455
276,https://spaceishare.com/listing/parking-space/ontario/toronto/outdoor-parking-in-adelaide-duncan-217-adelaide-st-w-24044
277,https://spaceishare.com/listing/parking-space/ontario/toronto/outdoor-parking-in-adelaide-duncan-217-adelaide-st-w-22139
278,https://spaceishare.com/listing/parking-space/ontario/toronto/outdoor-parking-in-adelaide-duncan-217-adelaide-st-w-17229
279,https://spaceishare.com/listing/other-space/ontario/toronto/chic-room-at-the-slate-a-boutique-hotel-in-the-heart-of-toronto-16177
280,https://spaceishare.com/listing/other-space/ontario/toronto/dramatic-room-at-the-slate-a-boutique-hotel-in-the-heart-of-toronto-16176
281,https://spaceishare.com/listing/storage-space/ontario/toronto/storage-locker-available-in-tiff-building-153
282,https://spaceishare.com/listing/storage-space/ontario/toronto/commercial-sized-locker-at-front-and-john-151
283,https://spaceishare.com/listing/parking-space/ontario/toronto/downtown-parking-spot-king-and-john-16935
284,https://spaceishare.com/listing/parking-space/ontario/toronto/indoor-parking-at-king-spadina-370-king-st-w-20033
285,https://spaceishare.com/listing/parking-space/ontario/toronto/indoor-parking-at-king-spadina-370-king-st-w-23122
286,https://spaceishare.com/listing/parking-space/ontario/toronto/8-charlotte-parking-for-rent-313
287,https://spaceishare.com/listing/parking-space/ontario/toronto/private-parking-close-to-queen-st-west-434
288,https://spaceishare.com/listing/parking-space/ontario/toronto/outdoor-parking-in-leslieville-20333
289,https://spaceishare.com/listing/parking-space/ontario/toronto/parking-10009
290,https://spaceishare.com/listing/parking-space/ontario/toronto/underground-parking-at-the-metro-centre-200-wellington-st-w-22296
291,https://spaceishare.com/listing/parking-space/ontario/toronto/underground-parking-at-the-royal-bank-plaza-200-bay-st-22019
292,https://spaceishare.com/listing/parking-space/ontario/toronto/underground-p1-parking-at-the-royal-bank-plaza-200-bay-st-21674
293,https://spaceishare.com/listing/storage-space/ontario/richmond-hill/interior-unit-11082
294,https://spaceishare.com/listing/storage-space/ontario/richmond-hill/drive-up-unit-11080
295,https://spaceishare.com/listing/parking-space/ontario/toronto/indoor-parking-at-wellington-blue-jays-way-36-blue-jays-way-20126
296,https://spaceishare.com/listing/parking-space/ontario/toronto/parking-p4-22779
297,https://spaceishare.com/listing/parking-space/ontario/toronto/underground-parking-at-citigroup-place-123-front-st-w-22298
298,https://spaceishare.com/listing/parking-space/ontario/toronto/private-parking-space-for-rent-6130
299,https://spaceishare.com/listing/other-space/ontario/toronto/spare-roomcloset-space-for-storing-boxesluggages-11141
